{"type":"Topology","transform":{"scale":[0.00004544143682487007,0.00003759904803493687],"translate":[-74.25525798043437,40.49611539517037]},"arcs":[[[4448,2170],[-39,2],[5,50],[38,7],[-4,-59]],[[2108,3866],[-37,10],[-7,65],[77,-12],[12,-14],[-45,-49]],[[3808,4047],[71,-4],[55,-31],[45,-50],[54,-18],[12,-43],[-39,-16],[3,-95],[-9,-37],[14,-95],[-11,-42],[25,-199],[47,-82],[136,-123],[54,-67],[24,-66],[70,-84],[15,-40],[60,-34],[22,-161],[-97,-93],[-59,-70],[-51,-46],[-62,-81],[5,-13],[-54,-47],[-66,-73],[-34,-56],[-88,-94],[-113,-97],[-164,-171],[-63,-47],[-63,-94],[-45,-10],[-45,-73],[-58,-41],[-23,-55],[-28,-9],[-43,-71],[-50,25],[-65,-71],[-55,-96],[-83,0],[-43,-26],[-35,-42],[-53,-13],[-85,-115],[-95,-159],[-63,-80],[-58,-51],[-62,15],[-4,39],[-31,66],[14,35],[111,-5],[31,14],[122,131],[10,62],[-60,81],[-87,20],[-83,-23],[-99,-121],[16,-77],[-43,-35],[-23,-38],[-50,-12],[-61,-38],[-140,-121],[-61,-37],[-73,-20],[-94,-56],[-80,-56],[-21,15],[-51,-26],[-57,-46],[-36,-41],[-47,33],[-30,4],[-82,-36],[-106,-107],[-121,-143],[-25,-2],[-74,42],[-21,43],[-100,-19],[-76,-24],[-33,-28],[-55,-82],[-70,-48],[-39,-58],[-101,-19],[-68,-22],[-35,13],[-91,-10],[-128,-50],[-66,-65],[-97,0],[-56,-39],[-50,10],[-40,40],[-7,27],[-39,22],[-51,109],[0,114],[43,44],[5,60],[20,41],[87,75],[32,0],[56,54],[35,-7],[62,49],[-69,30],[3,74],[-12,22],[11,89],[29,72],[-13,97],[-37,43],[-36,94],[-3,32],[-47,60],[35,68],[55,52],[36,-19],[36,19],[84,73],[4,52],[32,17],[52,2],[43,67],[39,18],[51,0],[113,-25],[34,-19],[45,10],[91,39],[30,39],[24,65],[-4,86],[55,141],[22,99],[17,43],[6,76],[20,38],[-1,51],[34,85],[5,72],[-10,78],[48,41],[108,158],[3,45],[-29,86],[-76,114],[-14,61],[9,133],[43,81],[-26,189],[15,52],[-10,23],[10,82],[22,63],[78,67],[70,100],[148,144],[78,38],[79,-11],[17,-48],[42,21],[22,31],[34,14],[27,-24],[31,-61],[53,6],[76,-24],[32,-32],[21,25],[34,-9],[-13,-49],[211,-42],[71,19],[15,25],[90,13],[104,38],[124,30],[43,-5],[68,-37],[112,-5],[60,37],[85,3],[44,20],[104,72],[45,13],[127,2],[65,-15],[120,13],[208,89],[66,-17]],[[8543,2287],[-42,-11],[-33,44],[-15,94],[29,68],[76,65],[69,-26],[44,-78],[-15,-61],[-29,-48],[-84,-47]],[[7381,2752],[80,-40],[69,-107],[0,-55],[-28,-13],[-37,18],[-38,66],[-86,68],[-11,39],[51,24]],[[8865,2692],[-55,-28],[-49,-7],[-72,13],[-3,15],[-61,73],[32,62],[155,-8],[46,-24],[44,-56],[-37,-40]],[[9229,2913],[-5,46],[40,49]],[[9264,3008],[-4,-54],[-31,-41]],[[8486,2937],[-31,-7],[-31,51],[-11,62],[42,-22],[31,-84]],[[8908,3091],[17,-14],[-5,-64],[-99,-44],[-43,71],[82,-1],[48,52]],[[9034,3135],[46,-21],[45,-42],[58,39],[38,-24],[-27,-54],[-65,-83],[-22,-16],[6,-47],[-65,-3],[-25,15],[-49,-1],[-1,51],[41,63],[-2,55],[22,68]],[[9277,3321],[-7,-176]],[[9270,3145],[-72,26],[52,68],[-18,46],[45,36]],[[9278,3364],[-1,-33]],[[9277,3331],[1,33]],[[8913,3384],[23,-25],[-37,-56],[-123,-15],[-13,34],[53,15],[23,-30],[49,11],[-22,54],[47,12]],[[9279,3399],[0,-9]],[[9279,3390],[0,9]],[[8505,3224],[-114,-40],[-103,3],[-20,16],[-5,64],[27,55],[82,68],[184,124],[39,-46],[-41,-73],[36,-70],[-12,-60],[-31,-29],[-42,-12]],[[8976,3536],[-47,-110],[-186,-6],[2,100],[86,-23],[39,-1],[66,33],[40,7]],[[8853,3615],[-47,-52],[-58,-4],[-18,20],[26,57],[45,0],[55,27],[-3,-48]],[[8998,3702],[-30,-66],[-52,-17],[10,64],[20,28],[14,59],[31,23],[54,-55],[-47,-36]],[[7289,5798],[40,-34],[15,-48],[-7,-43],[221,-159],[-25,-29],[51,-34],[-26,-30],[166,-113],[-34,-41],[101,-72],[-13,-17],[31,-70],[-16,-7],[101,-147],[53,76],[35,-49],[53,43],[45,7],[78,37],[17,31],[97,90],[117,79],[110,26],[54,-264],[12,-88],[43,11],[17,-87],[21,3],[44,-210],[60,10],[43,-208],[-60,-11],[18,-88],[-61,-12],[-61,-37],[10,-18]],[[8639,4295],[1,-51],[37,-12]],[[8677,4232],[27,-31]],[[8704,4201],[17,-38]],[[8721,4163],[44,-54]],[[8765,4109],[-31,-88],[27,-96],[-127,-30],[-53,-48],[-44,-24],[-29,28],[-31,84],[-25,33],[-44,4],[-2,-42],[70,-107],[12,-51],[-63,-37],[-56,10],[-48,46],[-27,5],[-59,90],[-52,61],[-48,-12],[-45,60],[-1,41],[-51,38],[-22,-18],[64,-64],[44,-67],[33,-16],[83,-89],[81,-101],[-26,-39],[-45,-40],[-59,-35],[-22,-56],[31,-34],[-23,-19],[-32,34],[-49,-11],[-67,-57],[-24,-48],[-33,-30],[-61,-23],[-39,27],[-145,75],[-268,152],[-22,-27],[43,-27],[278,-154],[44,-69],[63,5],[32,-11],[18,-43],[-23,-70],[25,-72],[65,-17],[63,-59],[-45,-60],[-23,-58],[-68,-35],[-54,-14],[-34,9],[-22,34],[14,79],[-40,50],[-139,149],[-27,-27],[50,-41],[109,-115],[11,-127],[-75,-21],[-13,37],[-87,-4],[33,-55],[-58,-16],[-57,11],[-71,79],[13,96],[37,30],[-10,62],[-38,-14],[21,-42],[-51,-41],[0,-39],[-33,-29],[87,-102],[50,-45],[85,-7],[91,19],[54,0],[32,16],[202,3],[112,52],[54,-6],[44,-25],[-15,-30],[34,-96],[21,-115],[42,-143],[3,-46],[47,-82],[-66,-127],[-103,-42],[-116,-21],[-38,1],[-92,-28],[-34,83],[13,57],[-11,50],[-44,99],[-38,13],[-77,-32],[-46,6],[-106,-31],[-18,62],[10,79],[-12,87],[-69,113],[-75,54],[-82,24],[-56,-51],[-130,105],[-29,-29],[23,-27],[71,-36],[116,-111],[103,-87],[28,-44],[36,-24],[9,-42],[-56,-30],[-22,-28],[-64,-21],[-83,-3],[-49,45],[-17,35],[-50,21],[-11,24],[18,74],[-19,36],[-49,10],[28,-61],[8,-81],[32,-51],[96,-77],[118,-1],[100,42],[64,-19],[-7,-65],[28,-35],[-81,-5],[-169,49],[-116,3],[-60,-21],[-162,15],[-179,7],[-155,-16],[3,-25],[80,8],[153,-35],[217,3],[10,-4],[31,-125],[-10,-17],[-242,-6],[-17,8],[-147,-31],[-142,-10],[-264,-27],[-207,-38],[-63,0],[-270,-36],[-164,3],[-37,-9],[-10,42],[-91,44],[-75,12],[-43,28],[-22,76],[15,39],[35,36],[58,29],[45,9],[84,-17],[91,3],[4,-22],[138,-38],[58,-10],[22,22],[-81,40],[30,81],[-15,4],[-107,-59],[-94,25],[-5,30],[49,62],[42,24],[-36,24],[-28,75],[-42,37],[-35,68],[-63,65],[-82,61],[-83,46],[-50,16],[-67,6],[-55,30],[-187,28],[-61,35],[-87,90],[-14,42],[-56,68],[-26,51],[-27,136],[-6,92],[10,111],[17,74],[87,220],[22,40],[-22,27],[59,70],[27,-20],[51,46],[50,-33],[55,69],[25,14],[-17,92],[75,43],[17,53],[73,-5],[33,43],[-60,45],[11,14],[61,-44],[30,37],[-66,49],[42,35],[82,-49],[16,21],[-64,49],[30,11],[90,-65],[24,27],[-64,49],[38,26],[55,-40],[5,48],[23,38],[83,-58],[34,40],[-74,54],[81,50],[-66,7],[-14,-33],[-66,18],[-16,17],[-71,-4],[-38,-91],[-92,-14],[-47,35],[-15,120],[23,17],[19,-148],[96,8],[31,75],[-16,53],[-59,21],[-86,80],[4,58],[-22,90],[34,19],[102,79],[16,-19],[-44,-31],[24,-35],[74,76],[-51,17]],[[5354,4995],[84,60]],[[5438,5055],[56,17]],[[5494,5072],[13,21]],[[5507,5093],[9,17]],[[5516,5110],[17,18]],[[5533,5128],[10,18]],[[5543,5146],[8,22]],[[5551,5168],[50,5]],[[5601,5173],[-26,32]],[[5575,5205],[4,16]],[[5579,5221],[10,23]],[[5589,5244],[8,21]],[[5597,5265],[14,24]],[[5611,5289],[17,43]],[[5628,5332],[0,3]],[[5628,5335],[14,12]],[[5642,5347],[11,24]],[[5653,5371],[8,19]],[[5661,5390],[11,23]],[[5672,5413],[17,33]],[[5689,5446],[35,56]],[[5724,5502],[2,4]],[[5726,5506],[6,4]],[[5732,5510],[-2,13]],[[5730,5523],[2,5]],[[5732,5528],[59,19],[191,25],[22,-2]],[[6004,5570],[2,0]],[[6006,5570],[32,10],[48,-12],[30,-35],[30,-59],[69,-13],[66,-31],[19,39],[-44,56],[-55,49],[53,33],[40,5],[-15,59],[24,103],[49,126]],[[6352,5900],[1,2]],[[6353,5902],[15,20]],[[6368,5922],[33,41]],[[6401,5963],[1,2]],[[6402,5965],[5,9]],[[6407,5974],[3,6]],[[6410,5980],[42,78]],[[6452,6058],[2,3]],[[6454,6061],[22,121],[-28,116]],[[6448,6298],[-2,5]],[[6446,6303],[5,37],[48,66],[62,49],[66,8],[86,-24],[172,-74],[27,-34],[31,-82],[65,-53],[161,-40],[35,-45],[2,-25],[49,-130],[23,-10],[-1,-46],[34,-43],[-40,-30],[18,-29]],[[5354,4995],[84,60]],[[5494,5072],[13,21]],[[5516,5110],[17,18]],[[5543,5146],[-53,17],[10,22],[51,-17]],[[4651,5162],[-19,-42],[-54,48],[28,17],[45,-23]],[[5601,5173],[-89,30],[9,21],[54,-19]],[[5249,5246],[55,-14],[44,-48],[-2,-47],[-18,-30],[-64,-21],[-144,-79],[-58,-8],[-27,56],[137,156],[15,31],[62,4]],[[5579,5221],[-50,21],[13,23],[47,-21]],[[5597,5265],[-46,19],[14,24],[46,-19]],[[5628,5332],[0,3]],[[5642,5347],[-48,20],[12,23],[47,-19]],[[5661,5390],[11,23]],[[4738,5446],[49,-41],[-87,-77],[-44,41],[57,66],[25,11]],[[5689,5446],[-31,17],[42,49],[24,-10]],[[5726,5506],[6,4]],[[5730,5523],[2,5]],[[6004,5570],[2,0]],